"Pack","Files","SizeMB","GIF","WEBP","TGS","WEBM","Other"
"a1115165926_by_userge_1_anim","100","27,09","50","0","50","0","0"
"Adidas","4","0,13","2","2","0","0","0"
"AdidasStickers","6","0,43","3","3","0","0","0"
"AdultStickers","42","1,54","21","21","0","0","0"
"AdventureTime2","2","0,04","1","1","0","0","0"
"AdventureTimeStickers","178","4,08","89","89","0","0","0"
"AestheticStickers","2","0,04","1","1","0","0","0"
"AgentSmithStickers","40","1,55","20","20","0","0","0"
"AhsokaStickers","10","1,09","0","0","0","10","0"
"akinasan","35","5,28","0","0","0","35","0"
"AkiraStickers","6","0,18","3","3","0","0","0"
"AlienLife","32","0,59","16","16","0","0","0"
"AlienStickers","54","2,7","27","27","0","0","0"
"AmazingStickers","2","0,16","1","1","0","0","0"
"AmazonStickers","2","0,02","1","1","0","0","0"
"AmongUsStickers","36","0,58","18","18","0","0","0"
"AnakinStickers","2","0,2","1","1","0","0","0"
"AngryStickers","80","1,77","40","40","0","0","0"
"animatedbananero","66","39,23","33","0","33","0","0"
"AnimatedDice","12","4,41","6","0","6","0","0"
"animatedeastereggmax","58","70,08","29","0","29","0","0"
"animatededinorozhek","50","58,31","25","0","25","0","0"
"AnimatedEmoji2","2","0,81","1","0","1","0","0"
"AnimatedEmojies","1198","773,21","599","0","599","0","0"
"AnimatedEmojiPack","62","22,46","31","0","31","0","0"
"animatedkrolok","45","13,47","19","0","26","0","0"
"animatedlenivec","42","34,27","21","0","21","0","0"
"animatednikitakun","46","32,47","23","0","23","0","0"
"AnimatedPack","54","20,86","27","0","27","0","0"
"animatedpandamax","62","45,23","31","0","31","0","0"
"animatedpeachok","40","16,25","20","0","20","0","0"
"AnimatedPusheen","100","5,64","50","0","50","0","0"
"animateemoji","100","21,16","50","0","50","0","0"
"AnimeBoysStickers","52","1,7","26","26","0","0","0"
"AnimeGirlsStickers","144","8,4","72","68","4","0","0"
"AntMan","8","0,23","4","4","0","0","0"
"ApexLegends2","24","1,52","12","12","0","0","0"
"ApexLegendsStickers","46","2,63","23","23","0","0","0"
"apple_icon","50","1,03","25","25","0","0","0"
"Arajkaaa4","118","9,5","30","28","2","58","0"
"ArcadeStickers","2","0,08","1","1","0","0","0"
"AttackOnTitan3","80","5,17","40","40","0","0","0"
"AttackOnTitanStickers","240","10,54","120","120","0","0","0"
"audib8","130","5,27","65","65","0","0","0"
"AvaMax_by_MoiStikiBot","108","5,03","54","54","0","0","0"
"ave_minecraft","32","6,55","0","0","0","32","0"
"Avengers","76","2,37","38","38","0","0","0"
"AVP8731","118","4,17","59","59","0","0","0"
"AwesomeStickers","4","0,19","2","2","0","0","0"
"Azuki","50","1,47","25","25","0","0","0"
"azumangaanimated","14","1,02","0","0","0","14","0"
"BabyPanda","2","0,07","1","1","0","0","0"
"BabyStickers","32","1,22","16","16","0","0","0"
"BabyYoda","40","30,94","20","0","20","0","0"
"BabyYoda2","2","0,06","1","1","0","0","0"
"Baldo","60","1,43","30","30","0","0","0"
"bananabromaster","130","75,87","65","0","65","0","0"
"BaneStickers","12","0,81","6","6","0","0","0"
"BatgirlStickers","4","0,28","2","0","2","0","0"
"Batman2","22","0,96","11","11","0","0","0"
"BatmanStickers","32","2,2","16","16","0","0","0"
"BayerischeMotorenWerke","60","1,25","30","30","0","0","0"
"bcnsp","46","7,04","0","0","0","46","0"
"BeachStickers","48","1,84","24","24","0","0","0"
"BearStickers","20","0,55","10","10","0","0","0"
"BeautifulStickers","4","0,14","2","2","0","0","0"
"BeerStickers","10","0,25","5","5","0","0","0"
"BeFerret","26","0,93","13","13","0","0","0"
"belkamax_by_MoiStikiBot","62","44,67","31","0","31","0","0"
"bell_09bbe_by_MoiStikiBot","75","14,32","0","0","0","75","0"
"belnolight","74","7,26","29","29","0","16","0"
"BentleyStickers","36","2,59","18","18","0","0","0"
"Berserk2","62","4,79","31","31","0","0","0"
"BerserkStickers","8","0,36","4","4","0","0","0"
"BethesdaStickers","16","0,64","8","8","0","0","0"
"BeybladeStickers","26","1,39","13","13","0","0","0"
"bikfermer","38","35,32","19","0","19","0","0"
"binance","112","3","56","56","0","0","0"
"bird2","2","0,12","1","1","0","0","0"
"bird3","50","1,56","25","25","0","0","0"
"bird4","54","2,32","27","27","0","0","0"
"bird5","10","0,12","5","5","0","0","0"
"bird6","16","0,39","8","8","0","0","0"
"BirdStickers","4","0,26","2","2","0","0","0"
"BirthdayStickers","12","0,6","6","6","0","0","0"
"BitcoinStickers","14","0,17","7","7","0","0","0"
"BK_MILKSHAKE","6","0,13","3","3","0","0","0"
"BlackCloverStickers","6","0,02","3","3","0","0","0"
"BlackPanther2","24","1,76","12","12","0","0","0"
"BlackPearlCookie_e50f9_by_TgEmodziBot","78","5,59","38","38","0","2","0"
"blackpearlcookieanimation_by_TgEmodziBot","47","6,73","0","0","0","47","0"
"BlackWidow","68","2,02","34","34","0","0","0"
"BleachStickers","40","1,24","20","20","0","0","0"
"BlizzardStickers","50","3,02","25","25","0","0","0"
"Blobby","78","2,13","39","39","0","0","0"
"Blod_trevozhka","86","1,43","43","43","0","0","0"
"bmw_king","22","0,78","11","11","0","0","0"
"BobSponge","2","0,04","1","1","0","0","0"
"BojackHorsemanStickers","12","0,47","6","6","0","0","0"
"BookingStickers","18","0,46","9","9","0","0","0"
"BowserStickers","10","0,62","5","5","0","0","0"
"brawl_stars","2","0,01","1","1","0","0","0"
"BrawlStarsEmotes","196","4,57","98","98","0","0","0"
"BrawlStarsPins","56","1,4","28","28","0","0","0"
"BrawlStarsPins2","130","2,6","65","65","0","0","0"
"BreakingBad","4","0,13","2","2","0","0","0"
"BreakingBad2","2","0","1","1","0","0","0"
"BreakingBadMemes","2","0,18","1","1","0","0","0"
"BreakingBadStickers","56","1,07","28","28","0","0","0"
"BrokenCatS","240","24,11","120","120","0","0","0"
"bubbleBFB","240","6,07","120","120","0","0","0"
"Bubbles","2","0,06","1","1","0","0","0"
"bucksipuffs","142","3,14","71","71","0","0","0"
"BunnyStickers","28","0,92","14","14","0","0","0"
"BurgerKing_Love_14","32","0,89","16","16","0","0","0"
"burgerkingchicken","48","1,89","24","24","0","0","0"
"BurgerStickers","82","4,93","41","41","0","0","0"
"businessmansticker","240","50,22","120","0","120","0","0"
"bythewayilovehuawei","104","8,44","52","52","0","0","0"
"CactusStickers","6","0,1","3","3","0","0","0"
"CakeStickers","58","2,47","29","29","0","0","0"
"CandleStickers","4","0,1","2","2","0","0","0"
"CandyApplecookiechurka_by_fStikBot","81","8,47","1","1","0","79","0"
"CandyStickers","2","0,07","1","1","0","0","0"
"CapcomStickers","16","0,71","8","8","0","0","0"
"CaptainAmerica","2","0,12","1","1","0","0","0"
"CaptainAmericaStickers","10","0,33","5","5","0","0","0"
"capyvaracoooinnn","15","1,35","0","0","0","15","0"
"CarBrandsSticker","100","65,6","50","0","50","0","0"
"CatAndDog","2","0,06","1","1","0","0","0"
"Catchain","66","5,21","33","33","0","0","0"
"catdog_ray","60","1,7","30","30","0","0","0"
"catgif3_by_favorite_stickers_bot","49","11,06","0","0","0","49","0"
"CatStickers","10","0,36","5","5","0","0","0"
"CaveStickers","90","4,41","45","45","0","0","0"
"CerealGuy","56","1,42","28","28","0","0","0"
"ChainsawMan2","2","0,05","0","2","0","0","0"
"ChainsawManStickers","98","5,1","49","49","0","0","0"
"ChanelStickers","26","1,57","13","13","0","0","0"
"CharizardStickers","24","1,37","12","12","0","0","0"
"Cheburashka","20","1,38","10","10","0","0","0"
"CheemsStickers","38","2,49","19","19","0","0","0"
"CherryBlossomStickers","20","0,66","10","10","0","0","0"
"chestertech","62","2,58","31","31","0","0","0"
"ChewbaccaStickers","48","2,27","24","24","0","0","0"
"ChickenStickers","16","0,43","8","8","0","0","0"
"ChristmasStickers","34","2,34","17","17","0","0","0"
"ClapStickers","2","0,08","1","0","1","0","0"
"clash_royale","12","0,57","6","6","0","0","0"
"ClashOfClans","132","5,42","66","66","0","0","0"
"ClashRoyaleEmotes","20","0,27","10","10","0","0","0"
"ClashRoyaleEmotes2","60","1,44","30","30","0","0","0"
"ClashRoyalePins","120","24,19","0","0","0","120","0"
"ClassicalStickers","6","0,12","3","3","0","0","0"
"ClassicMemes","172","3,91","86","86","0","0","0"
"clothesed","52","1,84","26","26","0","0","0"
"CloudStickers","12","0,62","6","6","0","0","0"
"Clyde_Bot","60","21,59","30","0","30","0","0"
"CocaCola","4","0,13","2","2","0","0","0"
"CocktailStickers","18","1,63","9","9","0","0","0"
"CoffeeStickers","14","0,36","7","7","0","0","0"
"coingecko","56","1,06","28","28","0","0","0"
"CoinStickers","34","1,66","17","17","0","0","0"
"ConfettiStickers","62","1,68","31","31","0","0","0"
"Congratulations2","15","1,95","7","3","4","1","0"
"CongratulationsStickers","96","4,11","48","48","0","0","0"
"ContraStickers","26","1","13","13","0","0","0"
"CookieStickers","66","1,88","33","33","0","0","0"
"CoolStickers","4","0,15","2","2","0","0","0"
"CowboyBebop2","56","2,34","28","28","0","0","0"
"CowboyBebopStickers","8","0,3","4","4","0","0","0"
"CowStickers","28","1,58","14","14","0","0","0"
"CrabStickers","6","0,23","3","3","0","0","0"
"CrashBandicootStickers","20","0,51","10","10","0","0","0"
"CrayonShinchanStickers","46","1,17","23","23","0","0","0"
"crazyanimatedemoji","100","61,57","50","0","50","0","0"
"CryptoStickers","54","1,06","27","27","0","0","0"
"CrystalStickers","2","0,1","1","1","0","0","0"
"CryStickers","6","0,12","3","3","0","0","0"
"CSGO2","60","1,74","30","30","0","0","0"
"CSGOStickers","2","0,12","1","1","0","0","0"
"CuddleStickers","2","0,12","1","1","0","0","0"
"cumemoji","216","5,79","108","108","0","0","0"
"cursedemoticon","240","7,47","120","120","0","0","0"
"CuteAnimals","40","0,79","20","20","0","0","0"
"CuteEmojiPack","38","0,35","13","0","25","0","0"
"CuteStickers","4","0,15","2","2","0","0","0"
"Cvetochki2358","44","2,61","22","22","0","0","0"
"CyberPunk","56","1,58","28","28","0","0","0"
"Daks_2024_by_MoiStikiBot","119","1,87","0","0","119","0","0"
"Danchoicoin","58","38,19","29","0","29","0","0"
"DCStickers","6","0,03","3","3","0","0","0"
"Dead_lnside_by_fStikBot","238","14,95","119","119","0","0","0"
"DeadByDaylight2","68","1,73","34","34","0","0","0"
"DeadByDaylightStickers","30","1,72","15","15","0","0","0"
"Deadpool2","14","0,66","7","7","0","0","0"
"DeadpoolStickers","2","0,15","1","1","0","0","0"
"DeathNoteStickers","6","0,26","3","3","0","0","0"
"DemonSlayerStickers","240","17,74","120","120","0","0","0"
"DesertStickers","208","7,45","104","104","0","0","0"
"Destiny2","38","1,39","19","19","0","0","0"
"DiamondIsUnbreakable","130","10,3","65","65","0","0","0"
"DiceStickers","42","1,1","21","21","0","0","0"
"DiggyAnimated","100","74,09","50","0","50","0","0"
"DiorStickers","2","0,07","1","1","0","0","0"
"DiscordStickers2","90","2,7","45","45","0","0","0"
"Disney2","24","0,76","12","12","0","0","0"
"DisneyStickers","54","1,82","27","27","0","0","0"
"DistortionStickers","214","16,69","107","107","0","0","0"
"dmitrim_by_fstikbot","50","4,56","0","0","0","50","0"
"DobryjDen325","224","8,77","104","104","0","16","0"
"DoctorBubonic","50","34,07","25","0","25","0","0"
"DoctorStrange","12","0,28","6","6","0","0","0"
"DoctorStrangeStickers","38","2,63","19","19","0","0","0"
"Doey_4d7fc_by_TgEmodziBot","134","9,26","64","62","2","6","0"
"dog_nbstickeria","94","4,13","47","47","0","0","0"
"dog10","2","0,16","1","1","0","0","0"
"dog11","2","0,03","1","1","0","0","0"
"dog12","2","0,03","1","1","0","0","0"
"dog13","32","1,76","16","16","0","0","0"
"dog14","2","0,03","1","1","0","0","0"
"dog15","60","0,9","30","30","0","0","0"
"dog16","38","1,16","19","19","0","0","0"
"dog17","8","0,5","4","4","0","0","0"
"dog18","14","0,58","7","7","0","0","0"
"dog19","2","0,03","1","1","0","0","0"
"dog20","38","2,66","19","19","0","0","0"
"dog21","2","0,1","1","1","0","0","0"
"dog22","2","0,06","1","1","0","0","0"
"dog23","4","0,15","2","2","0","0","0"
"dog24","2","0,08","1","1","0","0","0"
"dog25","18","1,2","9","9","0","0","0"
"dog26","24","0,8","12","12","0","0","0"
"dog27","10","0,16","5","5","0","0","0"
"dog28","12","0,39","6","6","0","0","0"
"dog29","38","1,16","19","19","0","0","0"
"dog30","2","0,15","1","1","0","0","0"
"dog31","38","1,16","19","19","0","0","0"
"DogAndCat","30","2,87","15","15","0","0","0"
"DogecoinStickers","6","0,19","3","3","0","0","0"
"DogeStickers","2","0,01","1","1","0","0","0"
"DogStickers","70","3,1","35","35","0","0","0"
"DolphinStickers","16","0,7","8","8","0","0","0"
"DonutStickers","2","0,11","1","1","0","0","0"
"Doodles","16","0,48","8","8","0","0","0"
"DoomStickers","56","1,3","28","28","0","0","0"
"DoraemonStickers","16","1,12","8","8","0","0","0"
"DotaStickers","64","1,83","32","32","0","0","0"
"downloadstics_google_icons","210","2,57","105","105","0","0","0"
"DragonBalls","74","2,21","37","37","0","0","0"
"DragonBallStickers","34","0,69","17","17","0","0","0"
"DragonBallZ","6","0,3","3","3","0","0","0"
"DragonStickers","2","0,04","1","1","0","0","0"
"Drake","30","1,13","15","15","0","0","0"
"dratone4iwjsisk_by_TgEmodziBot","64","11,97","1","1","0","62","0"
"DrumStickers","110","6,79","55","55","0","0","0"
"DumbledoresArmy","190","8,45","95","95","0","0","0"
"EarthStickers","2","0,05","1","1","0","0","0"
"easter_happybunny","20","4,5","0","0","0","20","0"
"EasterStickers","10","0,81","5","5","0","0","0"
"Eats_Drinks","60","26,22","30","0","30","0","0"
"ebbebebebebebebe_by_fStikBot","176","6,8","88","88","0","0","0"
"EeveeStickers","78","2,04","39","39","0","0","0"
"efacca0b_5757_4357_b434_aefb85a5cc4b_by_sticat_bot","70","3,48","35","35","0","0","0"
"EggmanStickers","1","0,02","0","0","0","1","0"
"EHgrassa36","54","2,96","27","27","0","0","0"
"ElephantStickers","20","14,69","10","0","10","0","0"
"EMINEM","2","0,07","1","1","0","0","0"
"EmojiAnimations","242","191,51","121","0","121","0","0"
"emojicenteranimations","150","15,68","75","0","75","0","0"
"emojidom_anim","36","9,2","18","0","18","0","0"
"EmojiStickers","80","2,98","40","40","0","0","0"
"emotionsnotwords","240","17,57","120","120","0","0","0"
"epamunited","50","1,49","25","25","0","0","0"
"epwpew","240","10,27","120","120","0","0","0"
"ErenStickers","86","1,1","43","43","0","0","0"
"EthereumStickers","6","0,21","3","3","0","0","0"
"EvangelionStickers","42","1,32","21","21","0","0","0"
"EzraStickers","16","0,29","8","8","0","0","0"
"F1Stickers","24","1,14","12","12","0","0","0"
"FacepalmStickers","46","1,3","23","23","0","0","0"
"Falcon","40","27,21","20","0","20","0","0"
"FalcoStickers","6","0,15","3","3","0","0","0"
"FallGuysStickers","12","0,45","6","6","0","0","0"
"FamilyGuy2","10","0,24","5","5","0","0","0"
"FamilyGuyStickers","240","6,11","120","120","0","0","0"
"FamilyStickers","10","0,38","5","5","0","0","0"
"Fanlerok22","116","3,91","58","58","0","0","0"
"fastfoodstickers","18","0,59","9","9","0","0","0"
"FateStickers","40","2,21","20","20","0","0","0"
"fedelolkek_by_fStikBot","28","2,23","13","13","0","2","0"
"FIFA2","48","1,28","24","24","0","0","0"
"FIFAStickers","6","0,16","3","3","0","0","0"
"FinalFantasyStickers","78","1,91","39","39","0","0","0"
"FinnStickers","30","0,71","15","15","0","0","0"
"FirePower","2","0,07","1","1","0","0","0"
"FishStickers","12","0,33","6","6","0","0","0"
"FlashStickers","10","0,65","5","5","0","0","0"
"Flobuz","146","7,15","73","73","0","0","0"
"Florkofcows","10","0,08","5","5","0","0","0"
"FlowerStickers","98","3,08","49","49","0","0","0"
"fluentemoji","126","2,62","63","63","0","0","0"
"FluffyBunnies","120","3,21","60","60","0","0","0"
"FoodStickers","4","0,3","2","2","0","0","0"
"FordStickers","8","0,26","4","4","0","0","0"
"ForestStickers","18","0,6","9","9","0","0","0"
"Formula1Stickers","238","12,23","119","119","0","0","0"
"Fortnite2","52","1,48","26","26","0","0","0"
"Fortnite3","30","1,2","15","15","0","0","0"
"FortniteAnimated","46","41,38","23","0","23","0","0"
"FortniteDance","4","0","2","2","0","0","0"
"FortniteEmote","94","3,12","47","47","0","0","0"
"FortniteSkin","2","0,07","1","1","0","0","0"
"FortniteStickers","2","0,04","1","1","0","0","0"
"FoxStickers","22","0,61","11","11","0","0","0"
"foxy_max","50","2,14","25","25","0","0","0"
"FreeFire","2","0,14","1","1","0","0","0"
"FriendshipStickers","40","2,61","20","20","0","0","0"
"FrogStickers","22","0,84","11","11","0","0","0"
"FullmetalAlchemistStickers","18","0,56","9","9","0","0","0"
"fun_postcards_vk","74","5,77","37","36","1","0","0"
"FunkyGoose","82","32,54","41","0","41","0","0"
"FunnyAnimals","140","12,23","70","70","0","0","0"
"FunnyCartoons","58","4,47","29","29","0","0","0"
"FunnyCats","2","0,13","1","1","0","0","0"
"FunnyPunny","56","2,33","28","28","0","0","0"
"FunnyStickers","16","1,16","8","8","0","0","0"
"GalaxyStickers","86","2,12","43","43","0","0","0"
"GameOfThrones2","2","0,14","1","1","0","0","0"
"GameOfThronesMemes","32","1,79","16","16","0","0","0"
"GameOfThronesStickers","22","1,12","11","11","0","0","0"
"GemStickers","2","0,06","1","1","0","0","0"
"GengarStickers","17","0,79","5","5","0","7","0"
"GhibliStickers","8","0,2","4","4","0","0","0"
"GhostStickers","2","0,04","1","1","0","0","0"
"gianfryferrari90","24","0,71","12","12","0","0","0"
"gifmaddyson_by_fstikbot","82","11,39","1","1","0","80","0"
"GIFmultiverse","62","7,6","0","0","0","62","0"
"GiftStickers","8","0,36","4","4","0","0","0"
"GiftStickersByAutoGiftNews","116","3,64","0","0","116","0","0"
"GintamaStickers","16","0,54","8","8","0","0","0"
"GlitchArt","28","3,21","14","14","0","0","0"
"GlitterStickers","190","13,48","95","95","0","0","0"
"GlowStickers","26","1,02","13","13","0","0","0"
"GojoStickers","4","0,13","2","2","0","0","0"
"GoldStickers","6","0,19","3","3","0","0","0"
"GoodLuckStickers","6","0,09","3","3","0","0","0"
"GoodMorningStickers","2","0,04","1","1","0","0","0"
"GoodNightStickers","2","0,03","1","1","0","0","0"
"gopnktozhechelovek","26","1,07","13","12","1","0","0"
"GoTMemes","2","0,12","1","1","0","0","0"
"GravityFalls","30","0,98","15","15","0","0","0"
"GrumpyCatStickers","30","2,41","15","15","0","0","0"
"GryffindorStickers","30","3,04","15","15","0","0","0"
"GTAStickers","4","0,09","2","2","0","0","0"
"GuardiansOfTheGalaxy","22","0,98","11","11","0","0","0"
"GucciStickers","4","0,13","2","2","0","0","0"
"GuiltyGearStickers","6","0,3","3","3","0","0","0"
"GuitarStickers","24","0,69","12","12","0","0","0"
"GurrenLagannStickers","148","6,92","74","74","0","0","0"
"HaikyuuStickers","16","0,45","8","8","0","0","0"
"HalloweenStickers","22","0,57","11","11","0","0","0"
"HaloStickers","20","0,39","10","10","0","0","0"
"HaloStickers2","20","0,6","10","10","0","0","0"
"hammasi_yaxshi_D_by_fStikBot","201","16,79","81","74","7","39","0"
"Hamsters","4","0,21","2","2","0","0","0"
"HamsterStickers","12","0,49","6","6","0","0","0"
"HANGSEED_Cute","100","14,56","50","0","50","0","0"
"HANGSEED_Emoji2","147","86,27","72","0","72","3","0"
"HANGSEED_Eternity","108","24,22","54","0","54","0","0"
"HANGSEED_Mood","95","9,05","0","0","0","95","0"
"HANGSEED_Pepe","100","31,67","50","0","50","0","0"
"HANGSEED9","170","17,31","50","0","50","70","0"
"HappyBirthdayStickers","8","0,34","4","4","0","0","0"
"HappyNewYearStickers","2","0,15","1","1","0","0","0"
"HappyPepe","32","1,14","16","16","0","0","0"
"HarleyQuinnStickers","54","3,31","27","27","0","0","0"
"HarryPotter2","8","0,35","4","4","0","0","0"
"HarryPotterIPkmsticker","120","21,5","0","0","0","120","0"
"HarryPotterMemes","28","1,39","14","14","0","0","0"
"HarryPotterStickers","72","2,67","36","36","0","0","0"
"hasbikgif","50","3,93","0","0","0","50","0"
"Hasbulla","58","4,57","29","29","0","0","0"
"HatsuneMikuStickers","50","2,56","25","25","0","0","0"
"Hawkeye","38","1,52","19","19","0","0","0"
"HawkeyeStickers","2","0,01","1","1","0","0","0"
"HBOStickers","18","0,91","9","9","0","0","0"
"HeartStickers","28","0,6","14","14","0","0","0"
"HedgehogStickers","240","4,32","120","120","0","0","0"
"HeraStickers","2","0,07","1","1","0","0","0"
"HermesStickers","22","1,09","11","11","0","0","0"
"hindifunnymemes","66","3,31","33","33","0","0","0"
"HipHopStickers","94","2,98","47","47","0","0","0"
"Hippo_Remastered_Nyasticks","86","3,78","43","43","0","0","0"
"hitanova_by_TgEmodziBot","195","11,8","95","92","3","5","0"
"HogwartsHouses","8","0,41","4","4","0","0","0"
"HogwartsStickers","16","1,27","8","8","0","0","0"
"HondaStickers","26","0,89","13","13","0","0","0"
"honey100","220","8,86","110","110","0","0","0"
"honka_animated","114","72,5","57","0","57","0","0"
"honkai_star_rail_9b7ab_by_tgemodzibot","160","5,13","80","0","80","0","0"
"HonkaiStarRail","36","2,83","18","18","0","0","0"
"HorseStickers","2","0,1","1","1","0","0","0"
"Hosico","12","0,53","6","6","0","0","0"
"HotCherry","68","37,08","34","0","34","0","0"
"HufflepuffStickers","4","0,2","2","2","0","0","0"
"HugStickers","2","0,11","1","1","0","0","0"
"HulkStickers","2","0,22","1","1","0","0","0"
"HuluStickers","2","0,18","1","1","0","0","0"
"Humanity","2","0,11","1","1","0","0","0"
"hydroxeede","140","2,42","70","70","0","0","0"
"hypefood_by_e4zybot","172","12,34","86","86","0","0","0"
"IceCreamStickers","116","4,1","58","58","0","0","0"
"IcePower","2","0,1","1","1","0","0","0"
"IchigoStickers","84","4,72","42","42","0","0","0"
"icqkolobki","100","21,24","50","0","50","0","0"
"IndianaJones","6","0,21","3","3","0","0","0"
"InuyashaStickers","26","1,11","13","13","0","0","0"
"IronMan","16","0,57","8","8","0","0","0"
"IronManStickers","6","0,24","3","3","0","0","0"
"IslandStickers","14","0,71","7","7","0","0","0"
"its_cat_vk","98","4,87","49","48","1","0","0"
"its_catvk","96","3,51","48","48","0","0","0"
"jackintheboxgifts_by_EmojiRu_Bot","116","144,94","58","0","58","0","0"
"JangoStickers","6","0,14","3","3","0","0","0"
"JarJarStickers","64","2,71","32","32","0","0","0"
"JazzStickers","24","1,06","12","12","0","0","0"
"JessePinkmanStickers","20","1,63","10","10","0","0","0"
"JigglypuffStickers","12","0,3","6","6","0","0","0"
"JojoStickers","2","0,21","1","1","0","0","0"
"JokerStickers","20","0,94","10","10","0","0","0"
"JujutsuKaisen2","240","16,84","120","120","0","0","0"
"JujutsuKaisen3","240","17,14","120","120","0","0","0"
"JungleStickers","26","1,13","13","13","0","0","0"
"JurassicWorld","30","1,09","15","15","0","0","0"
"kamnyahi","60","2,25","30","30","0","0","0"
"KananStickers","58","1,42","29","29","0","0","0"
"katafeych1k","134","14,72","67","67","0","0","0"
"KawaiiEmoji","200","55,64","100","0","100","0","0"
"KawaiiStickers","54","1,53","27","27","0","0","0"
"kazakovbye418","130","4,6","65","65","0","0","0"
"kensie_vk","98","5,93","49","49","0","0","0"
"kfcperch","40","1,59","20","20","0","0","0"
"KickStickers","2","0,03","1","1","0","0","0"
"KidsStickers","10","0,75","5","5","0","0","0"
"KillLaKillStickers","46","2,04","23","23","0","0","0"
"KirbyStickers","14","0,52","7","7","0","0","0"
"Kirito2798","32","1,28","16","16","0","0","0"
"KissStickers","10","0,41","5","5","0","0","0"
"kitnyndzy","30","1,06","15","15","0","0","0"
"kitocomm","38","20,16","19","0","19","0","0"
"Kitten","2","0,1","1","1","0","0","0"
"KittyMe01","64","2,95","32","32","0","0","0"
"KittyMeme","80","4,1","40","40","0","0","0"
"kittyyy_by_tgemojis_bot","40","4,07","8","8","0","24","0"
"KnightStickers","2","0,01","1","1","0","0","0"
"KnucklesStickers","2","0,02","1","1","0","0","0"
"KoalaLife","30","0,77","15","15","0","0","0"
"KoalaStickers","4","0,06","2","2","0","0","0"
"kogamiakira","120","8,72","60","60","0","0","0"
"Kolobki","12","0,29","6","6","0","0","0"
"KomandaDimaMaslennikov","240","6,88","120","120","0","0","0"
"KonosubaStickers","38","1,24","19","19","0","0","0"
"koreyskayazhabka","82","60,17","41","0","41","0","0"
"kot10","2","0,03","1","1","0","0","0"
"kot11","2","0,06","1","1","0","0","0"
"kot12","2","0,09","1","1","0","0","0"
"kot13","10","0,28","5","5","0","0","0"
"kot14","34","2,67","17","17","0","0","0"
"kot15","2","0,07","1","1","0","0","0"
"kot16","6","0,22","3","3","0","0","0"
"kot17","10","0,67","5","5","0","0","0"
"kot18","48","1,62","24","24","0","0","0"
"kot19","4","0,06","2","2","0","0","0"
"kot20","38","1,62","19","19","0","0","0"
"kot21","18","0,27","9","9","0","0","0"
"kot22","76","3,5","38","38","0","0","0"
"kot23","14","0,56","7","7","0","0","0"
"kot24","98","2,53","49","49","0","0","0"
"kot25","60","2,31","30","30","0","0","0"
"kot26","22","0,91","11","11","0","0","0"
"kot27","1","0,15","0","0","0","1","0"
"kot28","2","0,06","1","1","0","0","0"
"kot29","2","0,08","1","1","0","0","0"
"kot30","2","0,04","1","1","0","0","0"
"kot31","2","0,07","1","1","0","0","0"
"Kotiki","4","0,18","2","2","0","0","0"
"KotikiNekotiki","102","4,05","51","51","0","0","0"
"KotNekot","10","1,11","5","5","0","0","0"
"kotnekot_by_fstikbot","25","3,81","0","0","0","25","0"
"kotpohuy1","184","7,15","90","90","0","4","0"
"kotvaron","70","1,81","35","35","0","0","0"
"KrasivyjGad","160","6,08","80","80","0","0","0"
"KrikStraha","93","6,02","41","41","0","11","0"
"Kuromi","22","0,5","11","11","0","0","0"
"KyloRenStickers","12","0,37","6","6","0","0","0"
"L_death_note_5e811_by_TgEmodziBot","42","3,45","21","21","0","0","0"
"Labubu_Nyasticks","84","4,73","42","42","0","0","0"
"LamborghiniStickers","4","0,11","2","2","0","0","0"
"LannisterStickers","10","1,08","5","5","0","0","0"
"lanuskastickers","62","3,37","31","31","0","0","0"
"LaughStickers","2","0,05","1","1","0","0","0"
"lawlietfr3dc","85","6,76","0","0","0","85","0"
"LeafStickers","28","0,8","14","14","0","0","0"
"LeagueOfLegends","42","2,67","21","21","0","0","0"
"LEDStickers","8","1,2","4","4","0","0","0"
"LeviStickers","22","1,06","11","11","0","0","0"
"LightningStickers","2","0,09","1","1","0","0","0"
"lihoyogurchik","66","46,15","33","0","33","0","0"
"lijinji","12","2,23","0","0","0","12","0"
"LinkStickers","46","1,75","23","23","0","0","0"
"lion2","2","0,05","1","1","0","0","0"
"lion3","2","0,07","1","1","0","0","0"
"lion4","26","0,87","13","13","0","0","0"
"lion5","6","0,25","3","3","0","0","0"
"lion6","14","0,51","7","7","0","0","0"
"lion7","8","0,3","4","4","0","0","0"
"LionStickers","10","0,64","5","5","0","0","0"
"litvin_by_MoiStikiBot","28","1,41","14","14","0","0","0"
"litvin_cbf15_by_TgEmodziBot","56","3,08","28","28","0","0","0"
"lizaxdominos","50","1,86","25","25","0","0","0"
"LogosSticker2025Part1","192","130,53","96","0","96","0","0"
"LokiStickers","2","0,08","1","1","0","0","0"
"LoLStickers","6","0,14","3","3","0","0","0"
"LordOfTheRings2","10","0,42","5","5","0","0","0"
"LouisVuittonStickers","42","1,76","21","21","0","0","0"
"Love_You_5a76f_by_EmojiRu_Bot","100","160,56","50","0","50","0","0"
"LoveStickers","38","1,08","19","19","0","0","0"
"loyal_wolf","74","3,12","37","36","1","0","0"
"loyal_wolf_no_text","74","2,56","37","36","1","0","0"
"LucarioStickers","24","1,28","12","12","0","0","0"
"LuffyStickers","6","0,27","3","3","0","0","0"
"LuigiStickers","148","4,76","74","74","0","0","0"
"LupinStickers","14","0,48","7","7","0","0","0"
"madokafr3dc","120","13,61","0","0","0","120","0"
"MagiStickers","56","2,84","28","28","0","0","0"
"mailru","8","0,23","4","4","0","0","0"
"MakeMoneyopack","24","0,84","12","12","0","0","0"
"MangaStickers","2","0,13","1","1","0","0","0"
"MaraudersStickers","44","3,95","22","22","0","0","0"
"march7kiara_by_tgemojibot","75","3,29","5","5","0","65","0"
"MarioStickers","26","0,85","13","13","0","0","0"
"Marvel2","2","0,08","1","1","0","0","0"
"MarvelStickers","2","0,09","1","1","0","0","0"
"MashupEmojiStickPack","240","171,12","120","0","120","0","0"
"Maugli","2","0,05","1","1","0","0","0"
"McDonalds","4","0,13","2","2","0","0","0"
"McLarenStickers","40","1,7","20","20","0","0","0"
"MedievalStickers","28","1,61","14","14","0","0","0"
"MegaManStickers","20","0,48","10","10","0","0","0"
"Meme_stickers","188","7,39","94","94","0","0","0"
"MemeOfIndia","164","4,97","82","82","0","0","0"
"MemePolice","80","3,51","40","40","0","0","0"
"MemesAnimes","42","1,8","21","21","0","0","0"
"MemeStickers","48","2,02","24","24","0","0","0"
"memezz","32","1,05","16","16","0","0","0"
"MemKreefo_by_TgEmodziBot","167","10,99","73","69","4","21","0"
"meownyashka","240","18,73","120","120","0","0","0"
"MercBenzAntEng","228","9,96","114","114","0","0","0"
"MerryChristmasStickers","16","0,42","8","8","0","0","0"
"MessengerStickers","70","1,8","35","35","0","0","0"
"MetalGearSolid2","2","0,08","1","1","0","0","0"
"MetaStickers","16","0,3","8","8","0","0","0"
"MewStickers","2","0,08","1","1","0","0","0"
"mfnbasya","36","0,64","18","18","0","0","0"
"MiaBunny","60","42,45","30","0","30","0","0"
"miiinecraft_by_fstikbot","21","1,46","0","0","0","21","0"
"mikufann_by_fStikBot","20","1,54","0","0","0","20","0"
"milk_mocha2","38","0,93","19","19","0","0","0"
"milk_mocha2_by_cocopry","58","15,14","29","0","29","0","0"
"milkandmochapack","112","14,43","40","0","40","32","0"
"minecraft_1","132","3,8","66","66","0","0","0"
"minecraft_emojis","46","0,12","23","23","0","0","0"
"minecraft_emotes","5","0,67","0","0","0","5","0"
"minecraft_pack","58","1,4","29","29","0","0","0"
"minecraft_stickers","24","0,45","12","12","0","0","0"
"minecraft1","60","0,99","30","30","0","0","0"
"MinecraftAxolotl","2","0,04","1","1","0","0","0"
"MinecraftBee","2","0,01","1","1","0","0","0"
"MinecraftBlock","2","0,01","1","1","0","0","0"
"MinecraftCat","26","0,99","13","13","0","0","0"
"MinecraftCow","1","0,01","0","0","1","0","0"
"MinecraftCraft","2","0,07","1","1","0","0","0"
"MinecraftCreeper","2","0,04","1","1","0","0","0"
"MinecraftDiamond","10","0,16","5","5","0","0","0"
"MinecraftEnd","8","0,16","4","4","0","0","0"
"MinecraftEnderman","2","0,24","1","1","0","0","0"
"MinecraftFox","16","0,21","8","8","0","0","0"
"MinecraftGold","8","0,01","4","4","0","0","0"
"MinecraftGrass","2","0,05","1","1","0","0","0"
"MinecraftMemes","10","0,41","5","5","0","0","0"
"MinecraftMob","26","0,8","13","13","0","0","0"
"minecraftmobs","174","3,11","87","87","0","0","0"
"minecraftpe","4","0,09","2","2","0","0","0"
"MinecraftPets","4","0,13","2","2","0","0","0"
"MinecraftPig","20","0,37","10","10","0","0","0"
"MinecraftPotion","56","2,29","28","28","0","0","0"
"minecraftpvp","30","1,14","15","15","0","0","0"
"MinecraftSheep","12","0,35","6","6","0","0","0"
"MinecraftSkeleton","2","0,04","1","1","0","0","0"
"MinecraftSkins","8","0,13","4","4","0","0","0"
"MinecraftSpider","10","0,42","5","5","0","0","0"
"MinecraftSteve","26","0,51","13","13","0","0","0"
"MinecraftSteve2","8","0,33","4","4","0","0","0"
"MinecraftStickers","8","0,21","4","4","0","0","0"
"MinecraftStickers2","16","0,41","8","8","0","0","0"
"MinecraftStickersPack","70","1,53","35","35","0","0","0"
"MinecraftTorch","8","0,36","4","4","0","0","0"
"minecrafttsasmp","220","15,45","110","110","0","0","0"
"MinecraftVillagers","48","1,55","24","24","0","0","0"
"MinecraftWater","2","0,03","1","1","0","0","0"
"MinecraftZombie","4","0,13","2","2","0","0","0"
"Minions","54","37,44","27","0","27","0","0"
"misfukl","60","1,65","30","30","0","0","0"
"miuiers","38","1,49","19","19","0","0","0"
"mixemojis2","224","4,59","112","112","0","0","0"
"mobikmoi_by_fStikBot","160","11,45","80","80","0","0","0"
"MobileLegendsStickers","60","2,26","30","30","0","0","0"
"MobPsychoStickers","240","21,44","120","120","0","0","0"
"MochiPeachCat","34","0,5","17","17","0","0","0"
"MochiPeachCat2","94","12,21","47","0","47","0","0"
"MokaTheDog","72","3,16","36","36","0","0","0"
"monke2004","118","16,86","0","0","0","118","0"
"monkeyobession_by_fStikBot","110","13,59","0","0","0","110","0"
"MonkeyStickers","80","1,93","40","40","0","0","0"
"moodpack_by_emojiru_bot","100","170,23","50","0","50","0","0"
"MoonKnight","78","5,29","39","39","0","0","0"
"MoonStickers","10","0,28","5","5","0","0","0"
"mort_adf46_by_TgEmodziBot","78","4,79","33","33","0","12","0"
"Mortino","46","3,84","23","23","0","0","0"
"MotocatSPACK","30","0,83","15","15","0","0","0"
"MountainStickers","4","0,04","2","2","0","0","0"
"MouseStickers","26","1","13","13","0","0","0"
"Mowgli","12","0,39","6","6","0","0","0"
"mowgli_nbstickeria","238","10,66","119","119","0","0","0"
"mrdiscordanimation","52","0,78","26","26","0","0","0"
"msftstickers","22","0,85","11","11","0","0","0"
"MushroomPower","2","0,18","1","1","0","0","0"
"MushroomStickers","4","0,19","2","2","0","0","0"
"MusicStickers","8","0,27","4","4","0","0","0"
"my_cat_wos","186","3,36","93","93","0","0","0"
"MyHeroAcademiaStickers","10","0,58","5","5","0","0","0"
"NarutoStickers","60","1,46","30","30","0","0","0"
"NarutoStickers2","58","1,53","29","29","0","0","0"
"NASCARStickers","90","5,55","45","45","0","0","0"
"NatureStickers","32","2,22","16","16","0","0","0"
"Nekonyaaaa","238","21,15","119","119","0","0","0"
"NeonStickers","8","0,46","4","4","0","0","0"
"nesral","182","13,1","91","91","0","0","0"
"NessStickers","70","4,58","35","35","0","0","0"
"newilystickers","58","1,25","29","29","0","0","0"
"NFTStickers","40","1,79","20","20","0","0","0"
"NHLStickers","4","0,17","2","2","0","0","0"
"niceildar","68","60,21","34","0","34","0","0"
"NikeSneakers","16","0,27","8","8","0","0","0"
"NikeStickers","10","0,62","5","5","0","0","0"
"NintendoStickers","64","2,19","32","32","0","0","0"
"NoragamiStickers","54","1,75","27","27","0","0","0"
"NwSlndrFnsiBss","98","4,25","49","49","0","0","0"
"NyanCatStickers","20","1,67","10","10","0","0","0"
"ObiWanStickers","14","0,85","7","7","0","0","0"
"OceanLife","2","0,04","1","1","0","0","0"
"OctopusStickers","30","1,08","15","15","0","0","0"
"OfficialTelegramStickers","2","0,02","1","1","0","0","0"
"olgtnkff","62","2,94","31","31","0","0","0"
"OmegaStickers","6","0,23","3","3","0","0","0"
"omenses","102","7,11","51","51","0","0","0"
"OnePiece","14","0,6","7","7","0","0","0"
"OnePieceStickers","42","1,98","21","21","0","0","0"
"OnePunchManStickers","2","0,11","1","1","0","0","0"
"ouhhimark","240","9,59","120","120","0","0","0"
"ourhomee_by_demybot","240","18,51","120","120","0","0","0"
"OverlordStickers","44","1,69","22","22","0","0","0"
"Overwatch2","74","3,87","37","37","0","0","0"
"OverwatchStickers","86","3,31","43","43","0","0","0"
"OwlStickers","22","0,37","11","11","0","0","0"
"Oxxxymiron","2","0","1","1","0","0","0"
"pack_554330_by_Ctikerubot","15","1,44","0","0","0","15","0"
"PacManStickers","16","0,43","8","8","0","0","0"
"pancakeswap_animated_v2","20","14,61","10","0","10","0","0"
"Pandas_Life","74","3,45","37","37","0","0","0"
"PandaStickers","122","2,56","61","61","0","0","0"
"Papich_by_fStikBot","240","7,21","120","120","0","0","0"
"papichstickers","56","1,98","28","28","0","0","0"
"ParamountStickers","28","0,59","0","28","0","0","0"
"PartyStickers","10","0,27","5","5","0","0","0"
"PartyTimeStickers","78","2,61","39","39","0","0","0"
"PastelStickers","14","0,7","7","7","0","0","0"
"Patrick_Bateman","50","8,04","0","0","0","50","0"
"PeachStickers","8","0,04","4","4","0","0","0"
"Peepo_Pepe","100","21,51","50","0","50","0","0"
"PenguinStickers","2","0,04","1","1","0","0","0"
"PeopleMemes","68","62,61","34","0","34","0","0"
"Pepe_Emoji_Pack","82","58,65","41","0","41","0","0"
"pepe10","28","0,9","14","14","0","0","0"
"pepe11","16","0,3","8","8","0","0","0"
"pepe12","2","0,07","1","1","0","0","0"
"pepe13","4","0,14","2","2","0","0","0"
"pepe14","10","0,35","5","5","0","0","0"
"pepe15","10","0,38","5","5","0","0","0"
"pepe16","50","1,44","25","25","0","0","0"
"pepe17","42","2,76","21","21","0","0","0"
"pepe18","24","1,63","12","12","0","0","0"
"pepe19","90","10,91","45","45","0","0","0"
"Pepe1ove","232","8,52","116","116","0","0","0"
"pepe2","2","0,12","1","1","0","0","0"
"pepe20","2","0,08","1","1","0","0","0"
"pepe21","40","1,28","20","20","0","0","0"
"pepe22","22","0,45","11","11","0","0","0"
"pepe23","34","0,97","17","17","0","0","0"
"pepe24","48","1,57","24","24","0","0","0"
"pepe25","60","1,84","30","30","0","0","0"
"pepe26","10","0,38","5","5","0","0","0"
"pepe27","60","1,9","30","30","0","0","0"
"pepe28","52","1,66","26","26","0","0","0"
"pepe29","34","1,13","17","17","0","0","0"
"pepe3","64","4,39","32","32","0","0","0"
"pepe30","60","2,47","30","30","0","0","0"
"pepe31","2","0,06","1","1","0","0","0"
"pepe4","38","1,12","19","19","0","0","0"
"pepe5","4","0,18","2","2","0","0","0"
"pepe6","2","0,06","1","1","0","0","0"
"pepe7","6","0,26","3","3","0","0","0"
"pepe8","158","5,68","79","79","0","0","0"
"pepe9","16","1,51","8","8","0","0","0"
"PepeAngry","2","0,01","1","1","0","0","0"
"pepeanimated_by_stickersthiefbot","100","43,39","50","0","50","0","0"
"PepeCool","68","3,8","34","34","0","0","0"
"PepeCry","2","0,08","1","1","0","0","0"
"PepeDance","22","0,51","11","11","0","0","0"
"PepeFly","80","6,45","40","40","0","0","0"
"pepeground","58","10,91","29","0","29","0","0"
"PepeHappy","4","0,16","2","2","0","0","0"
"PepeHug","44","0,98","22","22","0","0","0"
"PepeJump","10","0,14","0","0","0","10","0"
"PepeKiss","4","0,13","2","2","0","0","0"
"PepeLaugh","54","4,09","27","27","0","0","0"
"PepeLove","58","4,5","29","29","0","0","0"
"PepeRun","16","0,35","8","8","0","0","0"
"PepeSad","4","0,12","2","2","0","0","0"
"PepeSit","34","1,12","17","17","0","0","0"
"PepeSleep","2","0,07","1","1","0","0","0"
"PepeTheFrog","36","0,99","18","18","0","0","0"
"PepeThink","6","0,27","3","3","0","0","0"
"PEPEtopAnim","98","48,3","49","0","49","0","0"
"PepeWeird","4","0,12","2","2","0","0","0"
"persikmorkwa_by_fStikBot","144","3,11","72","72","0","0","0"
"PianoStickers","8","0,29","4","4","0","0","0"
"PigStickers","4","0,07","2","2","0","0","0"
"PikachuStickers","228","6,76","114","114","0","0","0"
"PikachuStickers2","8","0,08","4","4","0","0","0"
"PinterestStickers","64","4,34","32","32","0","0","0"
"PiratesCaribbean","8","0,64","4","4","0","0","0"
"PiratesOfTheCaribbean","32","1,38","16","16","0","0","0"
"PirateStickers","12","0,1","6","6","0","0","0"
"PixelArt","8","0,1","4","4","0","0","0"
"PixelArtStickers","4","0,04","2","2","0","0","0"
"pizzamax","50","37,48","25","0","25","0","0"
"PizzaStickers","12","0,55","6","6","0","0","0"
"PlanetStickers","4","0,07","2","2","0","0","0"
"PlantStickers","50","1,6","25","25","0","0","0"
"Pocoyo","44","0,86","22","22","0","0","0"
"PointStickers","10","0,43","5","5","0","0","0"
"PokemonGoStickers","30","1,11","15","15","0","0","0"
"PokemonStickers","64","1,52","32","32","0","0","0"
"poolfloat_by_giftchangeshelper2bot","100","137,47","50","0","50","0","0"
"PopCatStickers","20","0,77","10","10","0","0","0"
"Porsche5_by_TgEmodziBot","122","15,92","3","3","0","116","0"
"porschedige44","24","1,01","12","12","0","0","0"
"postoynkot","50","1,32","25","25","0","0","0"
"PradaStickers","64","1,27","32","32","0","0","0"
"PremiumEmojiPack","8","0,06","4","4","0","0","0"
"PrimeVideoStickers","2","0,02","1","1","0","0","0"
"PUBGMobile","2","0,15","1","1","0","0","0"
"PudgyPenguins","55","6,13","0","0","0","55","0"
"PukanePack","56","2,69","28","28","0","0","0"
"PumaStickers","22","0,8","11","11","0","0","0"
"Puppy","2","0,17","1","1","0","0","0"
"PuppyLove","4","0,12","2","2","0","0","0"
"pusheen_2x","100","1,49","50","50","0","0","0"
"Pussy_Cars","50","3,93","0","0","0","50","0"
"PVZ2586","212","8,31","105","105","0","2","0"
"pyrizhok","6","0,21","3","3","0","0","0"
"qq_superemoji","236","152,28","118","0","118","0","0"
"RaccoonStickers","2","0,08","1","1","0","0","0"
"RaidenStickers","4","0,21","2","2","0","0","0"
"RainbowSixStickers","32","2,71","16","16","0","0","0"
"RainbowStickers","2","0,03","1","1","0","0","0"
"RanmaStickers","56","4,24","28","28","0","0","0"
"ranpoedogawa","240","15,43","120","120","0","0","0"
"RarePepe","2","0,04","1","1","0","0","0"
"RavenclawStickers","12","0,39","6","6","0","0","0"
"raznoe_test","34","19,44","12","0","12","10","0"
"ReactionStickers","4","0,2","2","2","0","0","0"
"RedDeadRedemption2","134","3,15","67","67","0","0","0"
"RedditStickers","68","3,17","34","34","0","0","0"
"redshapka_by_MoiStikiBot","70","44,08","35","1","34","0","0"
"Regular_Show","48","1,32","24","24","0","0","0"
"rejiboy_popi_by_fStikBot","46","4,59","2","2","0","42","0"
"RetroGaming","16","0,43","8","8","0","0","0"
"RetroStickers","10","0,42","5","5","0","0","0"
"REZE_PACK","32","2,36","16","16","0","0","0"
"ReZeroStickers","152","7,62","76","76","0","0","0"
"RickAndMorty","60","45,16","30","0","30","0","0"
"RickMortyStickers","14","0,49","7","7","0","0","0"
"RiNax","42","1,36","21","21","0","0","0"
"Risitasreborn","194","6,83","97","97","0","0","0"
"RobinStickers","4","0,09","2","2","0","0","0"
"RobloxStickers","42","2,22","21","21","0","0","0"
"RobotStickers","4","0,14","2","2","0","0","0"
"RocketLeagueStickers","4","0,08","2","2","0","0","0"
"RocketStickers","12","0,34","6","6","0","0","0"
"RockStickers","42","2,48","21","21","0","0","0"
"RogueStickers","20","0,65","10","10","0","0","0"
"RolexStickers","22","1,14","11","11","0","0","0"
"romapyatifananimation_by_fStikBot","31","1,28","0","0","0","31","0"
"RoseStickers","42","0,89","21","21","0","0","0"
"RougeStickers","28","0,24","14","14","0","0","0"
"royal_stars","10","11,14","5","0","5","0","0"
"SadPepe","42","1,51","21","21","0","0","0"
"SadStickers","20","0,27","10","10","0","0","0"
"SailorMoonStickers","8","0,41","4","4","0","0","0"
"samsung_sam_assistant","22","0,7","11","11","0","0","0"
"samsungofficialemojis","158","2,3","79","79","0","0","0"
"SamusStickers","118","4,52","59","59","0","0","0"
"SaulGoodman","2","0,05","1","1","0","0","0"
"SaulGoodmanStickers","105","7,83","0","0","0","105","0"
"Sayosh2","80","6,01","9","6","3","62","0"
"Sberbusiness","60","2,37","30","30","0","0","0"
"sbergref","38","1,67","19","19","0","0","0"
"sberkot_3","24","19,74","12","0","12","0","0"
"sberkot_animated","100","63,39","50","0","50","0","0"
"SciFiStickers","40","1,14","20","20","0","0","0"
"SemyaByMacvibe","80","4,42","40","40","0","0","0"
"sestryfts","90","17,08","0","0","0","90","0"
"Sexpack","4","0,17","2","2","0","0","0"
"ShadowStickers","2","0,1","1","1","0","0","0"
"SharkStickers","14","0,75","7","7","0","0","0"
"SheepStickers","28","1,22","14","14","0","0","0"
"SheHulk","2","0,14","1","1","0","0","0"
"ShibaInuStickers","76","2,04","38","38","0","0","0"
"ShineStickers","2","0,02","1","1","0","0","0"
"shit_tima_y","32","2,32","0","0","0","32","0"
"SignalStickers","96","4,31","48","48","0","0","0"
"SilverStickers","10","0,43","5","5","0","0","0"
"Simpsons2","10","0,23","5","5","0","0","0"
"Sinnersduraki2bynemi","142","6,2","71","71","0","0","0"
"SkypeStickers","2","0,06","1","1","0","0","0"
"SlackStickers","1","0,01","0","0","1","0","0"
"slavakpssfrd_by_fStikBot","45","4,93","0","0","0","45","0"
"slishyandex","136","3,81","68","68","0","0","0"
"SlothStickers","14","0,58","7","7","0","0","0"
"SlovoPacanaPack","50","9,32","0","0","0","50","0"
"SlytherinStickers","6","0,15","3","3","0","0","0"
"SmileStickers","2","0,04","1","1","0","0","0"
"SnakeStickers","102","3,73","51","51","0","0","0"
"SnapchatStickers","72","1,23","36","36","0","0","0"
"SnowStickers","4","0,22","2","2","0","0","0"
"SoloLeveling","6","0,24","3","3","0","0","0"
"SoloLeveling2","44","1,11","22","22","0","0","0"
"SonicStickers","46","1,83","23","23","0","0","0"
"SonicStickers2","14","0,56","7","7","0","0","0"
"SonicTheHedgehogStickers","2","0,06","1","1","0","0","0"
"SONRISA25","104","6,38","0","76","0","28","0"
"sony4sony5sony6","50","6,47","0","0","0","50","0"
"SorryStickers","4","0,26","2","2","0","0","0"
"SouthPark2","10","0,37","5","5","0","0","0"
"SouthParkStickers","22","0,36","11","11","0","0","0"
"SpaceExploration","22","1,49","11","11","0","0","0"
"SpaceStickers","66","1,96","33","33","0","0","0"
"SpaceXStickers","26","1,12","13","13","0","0","0"
"SparkleStickers","4","0,15","2","2","0","0","0"
"speedysi","34","2,38","17","17","0","0","0"
"Spiderman","48","1,97","24","24","0","0","0"
"SpiderManStickers","12","0,48","6","6","0","0","0"
"spiky_girl","74","3,95","37","36","1","0","0"
"spiky_girl_no_text","74","3,99","37","36","1","0","0"
"SpongeBob","4","0,13","2","2","0","0","0"
"SpongeBob2","36","1,13","18","18","0","0","0"
"spotifybersabda","96","3,79","48","48","0","0","0"
"SpringManul","40","2,38","20","20","0","0","0"
"SpyroStickers","10","0,36","5","5","0","0","0"
"SpyxFamily2","88","5,48","44","44","0","0","0"
"SpyxFamilyStickers","8","0,35","4","4","0","0","0"
"SquidGame","12","0,2","0","0","12","0","0"
"stakanchikkofe","42","27,03","21","0","21","0","0"
"starbuckscafe","72","0,84","36","36","0","0","0"
"StardustCrusaders","70","3,8","35","35","0","0","0"
"StarkStickers","150","10,74","75","75","0","0","0"
"StarPower","2","0,11","1","1","0","0","0"
"StarStickers","14","0,47","7","7","0","0","0"
"StarWars2","40","0,78","20","20","0","0","0"
"StarWarsStickers","28","0,68","14","14","0","0","0"
"SteamStickers","6","0,35","3","3","0","0","0"
"SteinsGateStickers","80","5,51","40","40","0","0","0"
"StevenUniverse2","40","1,19","20","20","0","0","0"
"StevenUniverseStickers","72","1,84","36","36","0","0","0"
"sti_96cbb_by_TgEmodziBot","190","16,25","95","95","0","0","0"
"sticersgerip","45","2,1","14","14","0","17","0"
"sticily","40","1,15","20","20","0","0","0"
"STICKAAAAARS","16","5,06","8","0","8","0","0"
"stickers8marta","82","80,73","41","0","41","0","0"
"StickersLitvin","68","4,23","29","29","0","10","0"
"sticks_Kudryavka_noumi_by_TgEmodziBot","139","10,6","66","66","0","7","0"
"StikeryKanalaBmwOboieditIshodtahekfree","60","2,06","30","30","0","0","0"
"StonksStickers","38","0,29","19","19","0","0","0"
"StormStickers","32","1,35","16","16","0","0","0"
"Stranger_Things_StickersPack","92","4,99","46","45","1","0","0"
"StrangerThings2","18","0,36","9","9","0","0","0"
"StrangerThings3","76","4,7","38","38","0","0","0"
"StrangerThingsStickers","42","1,12","21","21","0","0","0"
"strawberry_lola_no_text_vk","74","5,14","37","36","1","0","0"
"strawberry_lola_vk","74","5,31","37","36","1","0","0"
"StreamEmotesAnimated","60","7,76","30","0","30","0","0"
"sttickers4_mcdonalds","32","1,19","16","16","0","0","0"
"subwayspb","228","4,38","114","114","0","0","0"
"SundayMH","202","11,46","101","101","0","0","0"
"SunflowerStickers","16","0,96","8","8","0","0","0"
"SunStickers","60","1,89","30","30","0","0","0"
"SupercellStickers","6","0,2","3","3","0","0","0"
"SuperheroStickers","56","1,57","28","28","0","0","0"
"Superman","2","0,03","1","1","0","0","0"
"SupermanStickers","14","0,3","7","7","0","0","0"
"SuperMarioStickers","10","0,4","5","5","0","0","0"
"supermegahype","50","5,84","0","0","0","50","0"
"SurpriseStickers","56","1,73","28","28","0","0","0"
"SushiCat","76","54,88","38","0","38","0","0"
"SushiStickers","26","1,23","13","13","0","0","0"
"SwordArtOnline","2","0,13","1","1","0","0","0"
"SwordArtOnlineStickers","40","1,53","20","20","0","0","0"
"Synthwave","34","1,76","17","17","0","0","0"
"tacosemoji","28","0,74","14","14","0","0","0"
"TacoStickers","14","0,67","7","7","0","0","0"
"TailsStickers","40","3,23","20","20","0","0","0"
"tamadachi_game_by_MoiStikiBot","75","14,13","0","0","0","75","0"
"TanjiroStickers","2","0,15","1","1","0","0","0"
"TeamsStickers","40","1,62","20","20","0","0","0"
"TeaStickers","2","0,05","1","1","0","0","0"
"TeenStickers","30","1,07","15","15","0","0","0"
"TekkenStickers","70","3,15","35","35","0","0","0"
"tenerezze1","50","5,58","0","0","0","50","0"
"terraria","18","0,44","9","9","0","0","0"
"TeslaStickers","24","0,8","12","12","0","0","0"
"TetrisStickers","40","1,72","20","20","0","0","0"
"TextAnimated","50","12,47","25","0","25","0","0"
"ThankYouStickers","12","0,42","6","6","0","0","0"
"the_one_and_only_sbercat","60","51,07","30","0","30","0","0"
"TheMandalorian","20","1,66","10","10","0","0","0"
"TheOffice2","24","0,38","12","12","0","0","0"
"TheOfficeStickers","60","1,78","30","30","0","0","0"
"TheSimpsons2","20","1,04","10","10","0","0","0"
"TheSimpsonsStickers","52","2,2","26","26","0","0","0"
"this_is_the_end","240","17,37","120","120","0","0","0"
"ThorStickers","16","0,69","8","8","0","0","0"
"ThumbsUpStickers","4","0,16","2","2","0","0","0"
"thunder_the_stallion","74","3,16","37","36","1","0","0"
"ThunderStickers","12","0,37","6","6","0","0","0"
"TiffanyStickers","4","0,1","2","2","0","0","0"
"TigerStickers","34","2,53","17","17","0","0","0"
"TikTokStickers","14","0,12","7","7","0","0","0"
"Timati","2","0,09","1","1","0","0","0"
"tinkoffstickerpack","40","1,53","20","20","0","0","0"
"ToadStickers","18","0,82","9","9","0","0","0"
"TokyoGhoulStickers","56","2,39","28","28","0","0","0"
"TontonFriends","48","1,35","24","24","0","0","0"
"TouhouStickers","42","2,03","21","21","0","0","0"
"toxismusic","5","1,06","0","0","0","5","0"
"ToyotaStickers","12","0,23","6","6","0","0","0"
"trademarks","84","2,1","42","42","0","0","0"
"TrigunStickers","14","0,66","7","7","0","0","0"
"TrollFaceStickers","8","0,15","4","4","0","0","0"
"TrumpFaces","14","0,87","7","7","0","0","0"
"TulipStickers","6","0,23","3","3","0","0","0"
"TumblrStickers","130","4,09","65","65","0","0","0"
"TurtleStickers","2","0,15","1","1","0","0","0"
"TwinPeaksStickerpack","24","4","0","0","0","24","0"
"TwitchPS","238","7,94","119","119","0","0","0"
"TwitchStickers","2","0,05","1","1","0","0","0"
"TwitterStickers","42","0,93","21","21","0","0","0"
"UberStickers","4","0,05","2","2","0","0","0"
"UFCStickers","12","0,54","6","6","0","0","0"
"UFOStickers","22","0,35","11","11","0","0","0"
"ula_the_tiger_no_text_vk","74","3,07","37","36","1","0","0"
"ula_the_tiger_vk","74","3,4","37","36","1","0","0"
"ult_914472877_1_anim","100","11,48","50","0","50","0","0"
"Undertale","2","0,06","1","1","0","0","0"
"UnicornStickers","32","2,26","16","16","0","0","0"
"UnoWarStickers","222","8,19","111","111","0","0","0"
"UtyaDuck","80","54,48","40","0","40","0","0"
"Uydjdj_by_fStikBot","16","0,26","8","8","0","0","0"
"ValentineStickers","14","0,53","7","7","0","0","0"
"Valorant2","30","0,87","15","15","0","0","0"
"ValorantStickers","28","1,09","14","14","0","0","0"
"ValveStickers","158","9,86","79","79","0","0","0"
"VampireStickers","20","1,1","10","10","0","0","0"
"Vaporwave","14","0,32","7","7","0","0","0"
"VaporwaveStickers","2","0,07","1","1","0","0","0"
"VeganSix","60","3,21","30","30","0","0","0"
"VegetaStickers","36","1,29","18","18","0","0","0"
"ViberStickers","4","0,09","2","2","0","0","0"
"vicecream_by_stickerparsebot","100","103,58","50","0","50","0","0"
"VinlandSagaStickers","240","20,71","120","120","0","0","0"
"viperronepollys1l_by_fStikBot","90","7,49","0","0","0","90","0"
"Vision","20","0,69","10","10","0","0","0"
"vk_aries","98","4,53","49","48","1","0","0"
"vk_aries_no_text","98","4,15","49","48","1","0","0"
"vk_bacon_no_text","74","2,26","37","36","1","0","0"
"vk_kuna","74","3,4","37","36","1","0","0"
"vk_murchalny","74","2,96","37","36","1","0","0"
"vk_murchalny_no_text","74","2,3","37","36","1","0","0"
"vk_yeller","99","56,18","48","0","51","0","0"
"VocaloidStickers","38","1,55","19","19","0","0","0"
"vrnkt","98","2,87","49","49","0","0","0"
"Waddles","40","1,11","20","20","0","0","0"
"WaifuStickers","240","13,4","120","120","0","0","0"
"wainkots","98","6,31","49","49","0","0","0"
"WandaVision","4","0,42","2","2","0","0","0"
"WandaVisionStickers","6","0,24","3","3","0","0","0"
"WarioStickers","6","0,25","3","3","0","0","0"
"WaterStickers","2","0,05","1","1","0","0","0"
"WaveStickers","34","2,44","17","17","0","0","0"
"WazeStickers","54","1,44","27","27","0","0","0"
"weak_cyan_urial_by_fstikbot","21","1,81","1","1","0","19","0"
"WelcomeStickers","6","0,55","3","3","0","0","0"
"WhaleStickers","26","0,43","13","13","0","0","0"
"WhatsAppStickers","118","4,57","59","59","0","0","0"
"WindStickers","2","0,11","1","1","0","0","0"
"WineStickers","8","0,44","4","4","0","0","0"
"WinkStickers","162","5,16","81","81","0","0","0"
"WinterIsComing","2","0,03","1","1","0","0","0"
"Witcher","4","0,03","2","2","0","0","0"
"withbts100thpack","200","13,59","100","100","0","0","0"
"WizardingWorld","4","0,15","2","2","0","0","0"
"WizardStickers","14","0,28","7","7","0","0","0"
"WoJak","2","0,02","1","1","0","0","0"
"WolfStickers","12","1,09","6","6","0","0","0"
"Wolverine","1","0,02","0","1","0","0","0"
"WolverineStickers","6","0,51","3","3","0","0","0"
"WWEStickers","24","0,93","12","12","0","0","0"
"XboxStickers","4","0,09","2","2","0","0","0"
"YArkayaOsenByMacvibe","70","4,49","35","35","0","0","0"
"Yellowboi","240","7,15","120","120","0","0","0"
"YobaPusheen","40","0,96","20","20","0","0","0"
"YodaStickers","2","0,06","1","1","0","0","0"
"YoungHearts70","45","1,16","0","45","0","0","0"
"YuGiOhStickers","70","2,84","35","35","0","0","0"
"YunoGasaiStickers","22","0,71","11","11","0","0","0"
"zaychello","50","33,15","25","0","25","0","0"
"ZebraStickers","2","0,03","1","1","0","0","0"
"ZeldaStickers","14","0,36","7","7","0","0","0"
"ZombieStickers","2","0,13","1","1","0","0","0"
"ZoomStickers","76","4,15","38","38","0","0","0"
"zootopia2judynick","120","27,5","0","0","0","120","0"
"ZootopiaNick","176","7,15","88","88","0","0","0"
"ZoroStickers","70","2,39","35","35","0","0","0"
"zubr_ik","24","20,27","12","0","12","0","0"
